,replies,tweet
0,[' 届きました♪\n今から読みます！ https://t.co/uVl3neN8Fg'],"◆セイジカ新世代
母子家庭・貧困育ちの元不良少年が国会議員になって新しい政界を創る話
https://t.co/blOx4jKGmG
早いもので、本日9月9日(水)がいよいよ発売日。
拙著では私が政治家になって体感したリアルな政治… https://t.co/8nUO838JDg"
1,"[' 未熟者は枝野代表のもとで大人しくしてなさい。', ' 新党参加若手議員で政策提言をされましたが、一般国民により判り易い方が興味を持って貰えると思いますが！自公政権に対抗出来る政策を打ち出して下さい！馬淵澄夫氏等が提言している「積極財政・消費税廃止」を… https://t.co/MpR6uKQF6i', ' 政権を取らずして真に国を動かすことはできません。\n今、比例の貴方達がやる事は立憲という党に対してに比例票を入れた有権者の意を組むこと。\n決して中谷さんへ票を入れたことではないことを考えるべきです。', ' (; ﾟ ﾛﾟ)このツイートにイイネしてる人の中に（立憲民主党支持者の）自分のフォロアーが一人も居ない💦', ' 😵中谷さんのツイートにぶら下がってるのはれいわの支持者が殆どですね。\n立憲民主党の支持者は中谷さんらのこの行動に躊躇している人が多いからコメントが来ないのだと思います。\n現代表への敬意が感じられません。', ' 山本太郎氏と共闘して、\n日本を取り戻してください✨', ' 新党参加者の中に素晴らしい人達がいるのを拝見して心強く思います！是非反緊縮財政政策・消費税廃止を実現してコロナ禍で苦しんでいる国民を救って下さい！自公候補者に対抗出来る様に纏って下さい！\n#反緊縮… https://t.co/Xd48d2eQ1N', ' 初めまして。Twitterフォローありがとうございます。自分はツイート数多いですがよろしくお願いします🎵', ' もう切り崩しに動いたほうがいいと思う。圧力かけないと動かないだろうし。\n【中谷氏は会見で「かなわない場合は、あらゆる選択肢を想定する」と対抗馬擁立の可能性に触れた。 】', ' 山本太郎氏と共闘とは言いませんが、一度対談してみてはとは思います😉', ' 民主的な選挙制度の実現も加えてください。日本型小選挙区制は最悪です。', ' 具体的な提案で、内容も支持できます。\nこれをベースにしたものが正式に野党の政策になれば、かなりインパクトがあると思います。', ' デジタル分野は自民党小林史明らなどと与野党を超え若手に頑張って貰いたい。コロナ禍だからこそのAI、RPA、量子など一気呵成にベンチャーの後推しに期待。シードから国費で支援出来れば尚良いのに。生産性… https://t.co/RmGLgEVtgJ', ' 本気なら法案作って提示されたら如何ですか？\n法制局に相談したら3日で作ってくれますよ。\nN国の浜田参議は一人でされてます。', ' 山本太郎氏もお誘い下さいませ。(議員ではありませんが、近い内、必ず議員になります♪) @yamamototaro0', ' 立憲民主党の代表選でてくれるとありがたいです。立憲民主党の党首になってください。反緊縮と消費税廃止でまとまるように野党議員の尻をたくさん叩きましょう。れいわ新選組との連携よろしくお願いします。れいわ新選組と候補者調整やってもらいたいです。', ' 中谷さん、もし立憲民主党内で反緊縮勢力が拡大出来なかった場合には離党しれいわ新選組への移籍をお願いいたします🙏']","若手議員有志による「新党への緊急提言」の記者会見。
「世代創造」×「野党結集」=「現政権を超える新たな選択肢」 
「再分配」×「デジタル」×「民主化」=「ウィズコロナの社会像」
こうしたコンセプトの詳細を述べました。
国民の期待に… https://t.co/BSiwfebFeu"
2,"[' @raychar666 ★極めて残酷★維新案のベーシックインカム・社会保障改革・税制改革への疑問と批判(2020年8月10日)\nhttps://t.co/EKJAqMFChp\n\n#BEPS協定違反… https://t.co/Meds4phww1', ' @raychar666 ※1:33:22で維新は「ストック課税」（預金・金融資産の元本など）するらしい。\n※子供に毎月5万円も与えるなんて、教育上まずい。\n1:49:40からに注目。飯田氏の経済モ… https://t.co/UaE7eTc1Zd', ' @raychar666 ★討論会「竹中平蔵のベーシックインカム論は是か非か」\nhttps://t.co/TjiVHMTbZX\n\n「ベーシックインカム」には、「社会保障全廃型」と「社会保障上乗せ型」… https://t.co/UV6rSKhj1L', ' いつまでも枝野・福山じゃ、民主党政権に混乱させられた有権者は戻らない。あなたのような若手が先頭に立つ野党なら可能性はある。来月の衆院選で #消費税減税 を目玉政策に自公に挑む、と同志に訴えてください。', ' そんな事より、れいわ・山本太郎が結党以来、大衆集会の場で立憲民主党を「（与党と）机の下で手を結び…」「戦わない野党」などと誹謗・中傷し続けたことに対して、また都連長妻議員、手塚議員の選挙区に刺客を… https://t.co/KLrDTTFlLU', ' 応援してます。', ' お金なんて刷ればいくらでもあるので減税してください。', ' その提言は消費税肯定の枝野さんを変えられらますか？提言する事に意義がある程度なら 減税を望む国民の票を悪戯に獲得し結果消費税肯定派に荷担する事になる。国民は見てますよ', ' 期待しています。ただ、ウィズコロナという言葉の選択はどうなんでしょう？ちょっと気持ち悪い気がしませんか？しばらくはコロナと付き合っていかなくてはいけないにしても。', ' 消費税は廃止を前提に段階的に減税。', ' @Jm33t8MkLcgmGP2 自民党が5%減税を言い出したらどうするの？最初から廃止の方がいいでしょ。どうせロクな使い方されてないんだから。 https://t.co/0gh49TaRKy', ' 言うのはタダですね！頑張ってください！', ' 消費税ゼロ！法人所得総合累進課税！超党派で政権奪取！', ' 税制改正なら、応能負担として変更点多数かな。とは言え、法改正は次の参院選まで難しいかも\n- 簡素化\n国民年金, 厚生年金, 健康保険料廃止と所得税率up\n法人税優遇制度廃止\n- 減\n公共料金定額控… https://t.co/TjqmfK1woQ', ' 今の状況は廃止でも追い付くか？\n雇い止め、失業者をよくみてください。\n厚労省発表はあてにならない。', ' 若手議員で提言を公表するのは大変結構ですが、そもそも貴方達若手議員らに代表へのリスペクトはありますでしょうか？', ' 多くの人が消費税は全て福祉に使われてると思ってるようです。\nまずは消費税の使い道を国民に明らかにして、消費税廃止までお願いします。', ' 「消費税は５％以下に減税」についてですが、目的や効果、減税したぶんの穴埋めをどうするかなどを具体的に教えて頂きたいです。\n\n私は財政難の地域に住んでいるのですが、地方消費税はどうなるのかが特に気になります。', ' それは大いに結構です。是非、充分な討議を行って下さい。\nしかし、「若手、若手」と強調するのは如何なものか？見ようによっては、れいわ辺りが言いそうな「世代交代」とか「ロスジェネ」、「老害は去れ」のよ… https://t.co/83eyJ0qO6r', ' 前のアカウントの時もフォローしていただいてました、どうもありがとうございます。\n中谷議員には期待です！応援してます、よろしくお願いします。', ' 消費税を下げれば世代間格差が広がる。消費税を年金の財源にし、基礎年金保険料を廃止して、現役世代の負担を減らして欲しい。', ' 今の日本、IT化が大幅に遅れていますから、DXやインターネット投票など、コロナ禍の今やっておくべきことだと思います。\nその一方、ベーシックインカムや消費税減税を唱えるのなら、財源を提示しなければな… https://t.co/qdoJhdEnSE', ' 落合とこでも言って来たんだけど、立憲の若手たちは自由に研究論議させてもらって執行部に提案\n⇧\nこれはいいのですが、反面若手たちは上の人達を支えていこうという気構えあるのですか？\n\n玉木のような政策… https://t.co/LaOnf2waCT', ' 石垣議員は参加されてないんですか', ' 税が財源でない事をハッキリ訴えてみなさい！有権者は貴方達を支持しますよ！\n民主党政権時代に埋蔵金などと言っていた物をは結果.国債発行だったわけだよ！財源は国債発行だった！この事を理解し有権者へアピールしなさい！', ' 拝読しましたが、\n1.コロナに寄り掛かり過ぎでは？来年、ワクチンができるとすると、その後に見える世界は大きく変わりそうです。\n2.消費減税と年金･BIを同時に推し進める政策は国債のみならず強固な財… https://t.co/MAMO5PgCHX', ' 消費に罰金取るような消費税は廃止！消費を抑制して経済成長するわけがない事を理解すべき！バカな俺でもわかる！経団連と国民とどっちが大事なのかハッキリ態度示して貰いたい！\n積極財政で取り組んでもらわな… https://t.co/giPst8h5Rf', ' 言葉が軽い。', ' 選挙公約して、今まで何してたの！\nいつも公約は、耳障りは良いけど、実現に向けて議案を作らない政党だと思う人がほとんど。', ' 温故知新より旧世代への啓蒙活動を推進してほしいです。\n若い世代がアベを支持していたのも、\n旧世代が若者を苦しめていたのも原因の一つです。 https://t.co/NWYaFW3V8o', ' 5%以下に下げてまた10%に上げるときの事業者の負担(システム変更や機器改修等)を踏まえると、「消費税は5%以下へ(の一時的)減税」は、支持できません。そもそも、消費税減税は富裕層ほど減税額が多額… https://t.co/guzGA85LW7', ' 若手でクーデターを起こして無能な幹部を粛清して立憲民主党を救ってください！', ' @ISOKO_MOCHIZUKI あなたたちは日本をどうしたいのですか？…消費税減税の財源は？…昨日、石破さんも財源を精査してからの話と具体的に話されていました…大企業優遇の法人税にメスを入れるの… https://t.co/tWFhuK60aP', ' 消費税増税が、金持ちが得する制度だよ。', ' 「憲法改正を促して核武装に賛成する。」が入ってませんが大丈夫でしょうか？‼️', ' 人材活用という話が争点になるのですか？\n現政権を「超える」とありますが、「超える」を「より優れた」という趣旨で使っていると解釈します。\nＡと、Ａよりも優れたＢを同列でどちらかを選択するなんてありえ… https://t.co/8pZu4xkiXp', ' 国民民主党の理念に近いから、そちらに合流すれば、それこそ強いメッセージになりそうな気がするのですが…\n野党結集だから、残念ですね。\n若手が新しい党を作る位の勢いがあればいいのですが…', ' 立憲信用できないんだよね。ここぞという時はモゴモゴしちゃってお茶濁すだけ。むしろ問題がうやむやになって結果与党の味方になってる。', ' 若手だから、年寄りだから政策が大きく違うのかな。人は死ぬまで生きているんだよ。君たちもいずれは年寄りさ。未来より前に過去から勉強したらとも思う。君たちぐらいのことは今までもよくあったことで大した成… https://t.co/XYM6g0Q5A5', ' 頼むから、原発ゼロも言ってくれ。', ' @ISOKO_MOCHIZUKI 消費税は食料品、日用品は0%、日用品以外の雑貨や酒類などは5%、車や家など300万まで10%、それ以上は20%、住宅の場合は条件付き減税かな。まあ石垣議員に対する懲罰みて立憲には期待などしてないが。', ' また年金原資という口実で、徴収額上がるみたいですが、何とかして下さい🙏', ' 次から次へと「財源は？」と湧いてくるランサーズ\nそれに対し皆さんきちんと答える姿勢\nまだ日本も捨てたもんじゃないなと', ' 外交や安全保障についてはどうお考えなのでしょうか？', ' @ISOKO_MOCHIZUKI そう言う時に議員会館内でタバコを吸っている事がバレる代表❗️\n情けなく無いか❓弁護士資格持っていて平気て吸っていたんだろ⁉️\n\nしっかり批判しろよ‼️', ' 財源OK\n↓\n""国債の償還の財源は税である必要はなく、国債の償還期限がきたら、新規に国債を発行して、それで同額の国債の償還を行う「借り換え」を永久に続ければいいのです。実際、それは先進国が普通にや… https://t.co/kb70YOuxVA', ' 反緊縮盛り上げてください！\n期待してます！', ' がんばってください!この物語を変えるための戦いです! https://t.co/HiXtK4rOcP', ' @ISOKO_MOCHIZUKI これまでも消費減税で選挙を闘ってきたにも関わらず、消費増税法の改正案すら出さない君達の何を信用すればいいんだよって話し。つか、やるやる詐欺みたいなもんでしょ、君たち？', ' 立憲民主にこういう動きがあるなら結構。\n但し私は、＃れいわ新選組の国会議員を増やそう\u3000です。', ' @mansaku_ikedo 未来と言ってるが、これからの日本国をどうするのかが分からん。皇統は男系堅持なのか、国防はどうするのか？教えてくださいな。', ' 「市民生活を豊かにする抜本的な税制改正」の方向性を教えていただけますでしょうか。', ' 素晴らしい理念だと思います。ただ「ウィズコロナ」の文言だけは徹底的にダサい…これだけはなんとかしてください', ' 消費税の減税？\n口当りの良い非現実的な公約は詐欺と同じ。\nだから国民目線がない党と言われる所以\n財源はどうする？今．多くの国民が求めるのは\n年収が低い窮乏世帯への現金支援だ\n１０００万円以下ではな… https://t.co/NwyUnCsANU', ' それでなくても赤字の日本。\n減税して、その補填は？\n是非、教えてください。', ' 時限減税なら時限と明記してください。１年ですか？２年ですか？', ' うん、中には気になるのもありますが、何と言うか全体的にダサいですね。抽象的な事と具体的な事を一緒につらつらと長くセンタリングするのをやめた方がいいです。\n気概は伝わってきますが、アツ過ぎて空気と闘… https://t.co/sAhh9uCyor', ' 消費税は廃止でお願いします、課税業者はコロナによって激減しても、売上が落ちていない年の消費税を払わなくてはいけません。こんなに残酷な税金はありません。', ' 財源をどうするのかも同時に提示せよ', ' で、どうするの？', ' 普通の人の感覚で言わせてもらえば\nアンティファと関わり肯定する議員が居る政党などありえない\n本気で政治と向き合う気があるなら立憲民主党辞めて意地を見せてみませんか？\nまぁ無理だろうけど', ' アホだと思う', ' 立憲にもこう言う人がいるんですね。\n知らなかった。すいませんm(__)m\n\nしかし立憲に所属しながら実現できるのでしょか？\n陰ながら応援いたします。', ' 消費税減税の提案は素晴らしい！\n\n税金は財源じゃない\n\n日本は財政破綻しない！\n\nぜひ財務省と戦って国民の利益をもぎ取ってください！\n\nhttps://t.co/5PYQMHml5n', ' @no17_ren 本気でやる気あんだな、立憲民⁉️', ' リンク先のHPも全文拝見し、広範の主権者から期待されますのは、\n1. 戦争観\n2. 平和観\n3. 経済観\nであり、1.→2.→3.で成立します。\nhttps://t.co/Rgog6gUgxf… https://t.co/TBLR4SzUMQ', ' 消費増税の度に法人税は下げられてますものね。\n\n消費税は廃止でお願いします！', ' @pE78kz6p9hgLZJK 惜しいなぁ、\n\n「外交」\n「防衛」\n「自然災害対策」\n「原発政策」\nが、すっぽり抜けている。\n\n惜しくないか。', ' 立憲所属の議員が減税を口にしても信用出来ないので法案と誓約書を公表してください。\nそしたら応援できます。', ' 本当消費税は減税所か今無くしてもいいぐらいです\nコロナで職を失う人もいる\nこう言ったことを言える人が総理大臣なるべきなのでは無いとか私はそう思います', ' 消費税が廃止でなく\n\n5%も必要な理由は何ですか？', ' え〜え〜👂?!\nこれ知ってるよね…?!\n#コロナ前\n消費税増税だけよ👇👇\n\n底へ←底へ←底へ←コロナ禍よ👇👇\n\n#消費税廃止\nつか…\n\n#使われない税金は払えません👉(๑•̀д•́๑)ｷﾘｯ https://t.co/tiQTnsUeLH', ' @fuku14 野党さんには、まとめるカリスマが欲しいな〜と思う今日この頃', ' 21人は立憲から出て、新党を作るのですね。\n頑張って。', ' 消費税減税やベーシックインカムのどこが再分配なのか一ミリたりとも理解できまへん\n\n加えて言うならデジタル化？もエコロジーも庶民の生活レベルを上げるものではない\n世代を創造するって安倍ちゃんの一億総括厄と同違うんですかね？', ' 必ずという保証を示すことは難しいでしょうが、姿勢という形で「地方公務員の勤務時間内政治活動を制限すること」に賛成できるますか？自治労は増税賛成派でしょう。その支持母体の力を借りる以上、後で止めるこ… https://t.co/xh975J06TG', ' 消費税下げるのは一見ウケは良いですが、税率変更への手間や増え続ける社会保障費の財源について無責任にも聞こえますので詳細で丁寧な説明が必要ですよ。おきばりやす。', ' タバコ増税して下さい！！', ' 消費税減税で野党がまとまることを期待しています。是非よろしくお願いします。', ' 頑張って下さい。新党には若くて新しい顔が必要です‼️', ' あとデジタルは国政より前にまずは自分達のネットのやらかし具合やネット選対のあまりの糞さを見直しましょう\n世論調査みても固定電話に偏り過ぎでネットや携帯の統計ゴミカス過ぎてどう見てもデジタルに向いて… https://t.co/gonHBMFGCs', ' 消費税の逆進性は確かに問題だから長期的にゼロを目指すのは是非やって欲しいけれど\n公共サービスの拡大を訴える立憲では他の政策との兼ね合い考えないといけないって事は忘れて無いですよね？\nMMTだろうが… https://t.co/2VEwqNnnln', ' 何で消費税なんですか？所得税見直したほうが良くないですか？消費税減らしたら得するのは富裕層では。', ' 極上仕上げですね。', ' 自民党には\nフレッシュさが\n今ないもんね\n\nトッショリの勘違いと\n忖度臭しかしないわ\n\n浄化して欲しい', ' 提言なんてしても枝野野田が仕切ってる限り無理だよ\n本当にで日本変えたいなら\n若手と本気の人達が立憲出る事で見えて来るんじゃないの？', ' 代表選に必要な20に届いてますね。', ' 枝野さんは減税する気ないよ', ' 景気を良くして欲しいです。', ' 中谷議員、お疲れ様です。\n消費税の5%への減税を唱えられるのであれば、是非 #消費税減税法案 を作成、提出してください。\n\n#消費税減税', ' 後、代表は、若い世代に交代ね‼️そうしないと勝てない‼️', ' 方向性は良いと思いますけど、もっと具体的にこうするっていうのが知りたいです。特に党のあり方の所。', ' 世代を問わず負担する消費税は，使途を社会保障に定められており，基礎年金掛け金の減額に用いれば，世代間格差を縮小させる役割を果します。消費税の逆累進性にばかり目を取られると，公平な社会保障負担が出来… https://t.co/xx41gX1Wud', ' 凄くいいと思いますが、『ウィズコロナ』という表現はやめた方がいいと思います。現実を見てるようで、諦めの表現のように感じる。マスコミ等で日本全国に広まった感はありますが…\nコロナを乗り越えるという上手い表現があればいいんですが…', ' ここまで「大きな塊」しかなくて全く魅力が無かったのが、やっと若手議員から方向性を示す議員が出てきて良かった!\n\n個人的に落合貴之議員、川田龍平議員、中谷一馬議員、山崎誠議員が名前を連ねているのが嬉しい。', ' どこかの党で見た100人と同じかどうか、前回の選挙結果と照らし合わせて見させて頂きます。パフォーマンスでありませんよう。', ' 中谷議員、お疲れ様です。\n\n結局、法案を出さない限り、意味がありません。\n\n出してください、法案を。\n\n#消費税減税法案', ' 「国債の発行や税の組み替えによる一定期間の消費減税は現実的に可能です」\nケチ臭い事言わんと「#消費税廃止！財源は国債発行のみ！」くらいどーんと言ったらんかい！', ' 興味深い取り組み、頑張って下さい。なのですが、21人中、女性が5人という事で、今一つ、少ないかな、という気はします。国会議員数も含め、女性の比率を上げていただきたいなと思います。', ' これはいい提言😄', ' 消費税5%以下！いいですね。野党は纏まりましょう。よろしくお願いします！', ' あなたのこの発言、待ってました。立場上、ご注意ください。', ' 立民にしてはとても具体的だ。\n応援しています！', ' 野党結集って、公約も国家観、歴史観も外交方針も違うのを寄せ集めにするのはマジで無意味。\n\nただ大きい組織は共食いが始まって自滅する', ' 温故知新、いい言葉です。', ' 立憲にもまだ21人も反緊縮派がいるんですね( ͡° ͜ʖ ͡°)トビダセ！', ' 既視感が。。。\n自民党の若手が3月から同様の主張しており、あまり進んでおりません。支持者向け党内プロレスだと思っています。\n\n立憲は須藤議員、国民民主の件もあり、自民同様ではないかと疑っております… https://t.co/U2XDBainY7', ' 消費税5の話\n\n法案or少なくても法案の骨子を出してほしいですが、出されますよね？', ' 野党第一党内から反緊縮の声が上がるのは良いことです。政策ももう少し具体的な数字を上げてもらえるとわかりやすいです。玉木さんが出してるシートのような感じで。', ' 立憲の減税派を力強く応援します！', ' 素晴らしい。立憲から出て自民の若手と組み、自民公認となれない地方の優秀な人達飲み込んでの豪族政治との対立だったらな～。ただ、今の立憲では論外。', ' 消費税減税と気楽に言わないで欲しい。\n代表の説明にあった様に税負担の軽減策の一つの手段として検討する。なら了解である。\n減税分の財源をどうするかも示さないでの消費税減税議論、極めて軽薄と言わざるを… https://t.co/KXuz1iB6Km', ' 消費税減税を掲げて代表選に出馬して下さい！', ' 頑張れ～！\n中谷一馬さん🌈\n応援、応援、応援\u3000(｡･_･｡)ﾉ', ' 提言だけでは弱いです。消費税減税法案を作ってください。法案作らないならツイートの内容は理想ばかり高いけどやる気はないんだな、って受け取ります。', ' 中谷さん評価も称賛もしています。\nただお聞きしたいのです、今日のこの国の経済繁栄は真実であったのか？背景に国債と地方債に頼り繁栄をしてきたとするなら本質のこの国家はどうあるべきか？世界と本当に勝負… https://t.co/26RVUyjnyA', ' 中谷先生の提言を支持いたします。\n是非""消費税減税""を掲げて、代表選に出馬すべきです。\n\n#消費税減税', ' @empty_brains 固定資産税も廃止して下さい｡資本主義による経済に於いて,既に売り手と買い手の売買が完了した物に,所持所有しているだけで,国(政府)の強欲によって徴収される事自体が,税制… https://t.co/e2MYH64vEb', ' @y_Fujisaki すみません💦\n\nコロナとはウィズしたくありません。\n\nよろしくお願いします😌', ' ありがとうございます！\nアメリカではトランプ大統領が分断を招いたの結果、デモが続いています。バイデン氏と同じように、「格差是正」、非正規労働者の地位安定と最低賃金の引き上げを掲げてください。人口の… https://t.co/Re5xwqASh9', ' 頑張って下さい‼  私たち庶民は、ただ議員でいたいだけの議員は欲しておりません。\n本気で政権を取りに行って下さい。\nおじいさんのおじいさんによるおじいさんの為の政治を終わらせましょう!', ' 執行部にその条件ぜひ飲ませて下さい', ' 財源等具体的にお願いいたします😲国民は二回も騙されるほど馬鹿ではないですよ✋', ' 党名は？\nどこかと合流しないですか？', ' 若手のエネルギーに期待しています！！', ' 立憲がもうちょっと早く消費税減税を容認していれば都知事選も分裂しないで済んだし、これからの野党結集も楽だったのにと思います。\nれいわは立憲に怒っていますよ。', ' いいぞ、一馬。野党の若手にもまともなのがいるんだというアピール、発信をどんどんやってくれ。頼むぜ', ' 減税そして法人税から取る\n\n増税して法人税下げるのがおかしい。', ' 良い政策と実行力には必ず心ある有権者が票を投じると思います。\nこの国の政治の変革をもたらせて頂けると期待しております。', ' 消費税減税\n所得税及び法人税強化\n所得税は最高税率を上げる1000万円以下はむしろ減税。\n足りない費用は新規国債の発行。\n公務員の増員(保育、介護、福祉)など。\nシャンパンタワーの上にお金を注いでもお金は回らない。\n広く真ん中に直接注くべき。', ' 抽象的な言葉ばかりで、まるで響いてきません。自己満足で国民不在に感じます。', ' 有言実行でお願いいたします。', ' ウィズコロナてなんですか？', ' 消費税減税よろしくお願いします！', ' @makimakiia 野党の新しい党名、\n新党\nで良くない❓\n\n既存政党名など色々ご不満もある方々がいらっしゃると思うので、\n新党ならどっちとも繋がりないからねー！', ' 税をどう配分するんですか？それが先。具体的な予算配分が示せないんですか？まだ減税とか言ってんですか？立憲は新自由主義からの決別をうたってるんですが、なぜ新自由主義を掲げてるんですか？\n明確な解答を。', ' 消費税は永久に廃止にしてくれ', ' @karusan_2001 まだ消費税減税の妄想から目覚められないのですか!\n\n消費税減税は、\n①格差是正の効果は薄い\n②景気回復効果はほゞ無い\n③デフレ誘導要素になる\n\n減税ではなく、税の使い道… https://t.co/U8PfpKpdUs', ' 中谷さん、神奈川県民として期待しています❗都知事選の際の山本太郎への応援ありがとうございました✨', ' それなら立憲よりれいわ新選組か国民民主に行きましょう', ' 枝野代表が定例記者会見で述べておられた収入が一定額以下の世帯の所得税減免や給付付き税額控除についてはどのようにお考えですか？注目を集めるための一時的な消費税率引き下げ政策は社会保障や行政サービスの劣化を招く恐れもありますが！？\n#立憲ボイス', ' 手段の一つに過ぎない消費税にこだわると、身動き取れなくなるおそれあると思いますが。ほかにも手段があると代表も示されているのに', ' 失礼します。\n\n消費税が社会保障や福祉に回っていないのだから、減税支持します。是非合流新党の中を活性化して下さい。\nどうしたって金持ち優遇の国です。\n庶民に分かりやすい提案を続けて下さい。', ' いいと思うで〜\nきばいやんせ〜', ' 源馬がいるので信用できない。\n維新と組むつもりか？', ' PB黒字化目標の破棄もよろしくお願いします。\nこれからの子供たちに夢や希望を抱かせてあげられるような政治が必要不可欠です。結果が出るの楽しみにしてます。', ' 「消費税減税」は、収入の３分の１を占めるといわれる家賃が対象外なので効果は薄い。「所得税減税」または「給付金拡大」をお願いします。', ' 若手議員21名公表して下さい。誰が覚悟と勇気を持って動いてるのか知りたいので！', ' 消費税廃止、ベーシックインカムの2つは実現してほしい #消費税廃止 #ベーシックインカム', ' ２１人！？\n基本的には２０人以上で代表選挙に出れますよね。立憲？野党の統一代表選？はそんなルールはないのでしょうか。', ' 中谷議員代表選でてくれるとありがたいです。これからは若手が党首やるべきです。', ' 立憲も、枝野が代表を降りれば ずいぶんいい党になるでしょうがねぇ…', ' 社会保障の財源は確保してくださいね。\n医者に行けないような社会にだけはしないでくださいね。\n無年金で食べていけない老齢者を増やさないでくださいね。\n安心して子育てが出来る社会にしてくださいね。\n介… https://t.co/4YyXwjHWmi', ' 大賛成！\n今までになかったニュー・パワー！貴方のご意見、熱烈支持です。', ' ベーシックインカムも入れてほしいです！', ' 反緊縮政党楽しみにしています。', ' 消費税廃止にむけて減税お願いします。', ' 全てを５%以下にする必要はないかとは思います。それより、車にかかりすぎる費用なんとかなりませんか？13年目から税金が高くなるっておかしくありません？贅沢品というより生活必需品です。あと、みりん、光熱費、携帯料金も減税するべきです。', ' れいわ新選組を中心に反緊縮と消費税廃止でまとまるようにお願いします。れいわ新選組と候補者調整やってもらいたいです。', ' いいぞ‼️\n中谷‼️\n\nやれやれーーー！\n\n応援📣したるよー‼️', ' 消費税は廃止で。', ' 野党集結の思いが「自民公明からの政権奪還」とかだけでなければいいですけど。減税も反対ではないけども、まずは社会保障。それを明確に。\n\n「おいおい決める」ではなく「こうする！」を明確に教えて欲しいですね', ' #中谷一馬\n中谷さん、ぜひ新党の代表になって下さい。そして消費税廃止を掲げてれいわ新選組と組んで下さい。私達を助けて下さい。応援しています。', ' 中谷さん、立憲民主党の代表選出馬をお願いいたします🙏', ' できれば消費税廃止でお願いします。', ' @bilderberg54 5%以下では駄目。0または廃止じゃないと。', ' 再分配じゃなくて\n搾取構図是正でお願いします', ' 頑張ってください。れいわ新選組も含めた野党共闘をお願いします。', ' 頑張って欲しいです。次の衆院選の激戦区となる神奈川で、消費減税や次の社会のグランドデザインを提示できる議員さんがあらわれ非常に楽しみです。\n自民党が消費減税で選挙を仕掛けてきても、それに対抗できる… https://t.co/7xS6ZQYNnr', ' 反緊縮財政でたのんます', ' @pueteen なんで、枝野引きずり下ろして、立たないかなあ？', ' 中谷議員さん立憲民主党の代表選にでてください。野党議員は反緊縮と消費税廃止でまとまるようにしてください。でなければ自公政権に勝てないと思っています。れいわ新選組とも連携よろしくお願いします。', ' 自民党でも若手が独自の動きを見せ、少しずつ自分たちの時代であることを示してくれています。人はいつか死にます。\n世代交代は少しでも早い方がいいし、そうでなければ私たち若者が責任感を持つことも無い。… https://t.co/9tMbDiY8ba', ' 「消費税は５％以下に減税」\n時限減税なのか恒久減税なのか？\n恒久減税の場合、社会保障は今後どうしていくのか？\n（れいわ新選組のように年金廃止や老後の高額医療を絞る方向なのか？）\n\n時限減税の場合、… https://t.co/fOzurFHQ4Y', ' 素晴らしい。ぜひ新党の代表になってもらいたい。そして山本太郎のれいわ新選組と組んで野党結集を。年寄りたちはいらない。', ' 原発ゼロへの発進をお願いします。\n先人の作って来た負の遺産は現役で解消すべきでしょう。\n未来の子供達に託すのではなく、未来の子供達に負の遺産を残さない！\n宜しくお願い致します。', ' やるならアメリカ民主党みたいな政党目指しましょう。', ' 一つお聞きしたい事がありました。\n現政権がもし消費税廃止を打ち出し\n解散総選挙に出た場合\nどう対処するおつもりでしょうか？\n\n彼らにとっては公約を破る事は\n常套手段なので、経団連とそこのところの口… https://t.co/CxmWyqNCBJ', ' 消費税5%以下じゃなくて0でいいですよ。あと法人税を上げる。も追加でお願いします', ' 腐敗政治を脱却し国民目線の政治をお願いします。', ' カタカナばっかで読みにくい。\n消費税減税・廃止ありきはダメ。\n国債発行して減税って、将来世代の負担をまだ増やすのは無責任。\n日本のITの現状知ってますか？\n温故知新の人材活用って何？\n\nなどなど、… https://t.co/rZNO6wIM3R', ' 代表選出てほしい❣️', ' 党として上記の争点が謳えない現状は厳しいと思います。緊縮に未来はありません。', ' 良いことも書いてありますね\n広報の強化は全く同意です\nただ消費税を下げたあといつ元に戻すか\n消費税の財源\nベーシックインカムの財源\nが曖昧ですね\n予算を組み替えても12兆円はでなさそう\nあと経済、雇用についての記載があまりないのはどうかと思います', ' 消費税減税もしくは廃止！\n素晴らしいです！\nがんばれ！！\n\n財源は大丈夫！！', ' 消費税減税いうけど、減税分をどこから回すのでしょうか？介護や保育といった福祉職員への処遇手当はそこからきてるはず。ただでさえ少なく、中抜きされてる手当。まだ増やして欲しいのに…率直な話、処遇手当等… https://t.co/ZED6wQIjSw', ' お願いします🙇\u200d♂️⤵️', ' 世代交代や！', ' 老害に負けるな', ' 障害者年金を全障害者に配るってのも入れてよ', ' 消費税は、その構造からして悪法でしかありません。税務の面でも大変です。', ' 頼むぞ🙏…若手👀‼️', ' 消費税減税へ宜しくお願いします', ' 炭素税だけ賛成しておきます\nあとは時間あるときに見ますね', ' この提言を主張する候補者を出して下さい。', ' 中谷さんには期待しておりますが、消費税を急速に減税したりゼロと言うのは多少無理があるのでは。\n社会保障や生活保護費が安倍政権の元で減額、支給年齢が引き上げられてる中で更に悪化に拍車がかかると思います党の方針を鑑みる事を願います', ' 消費税減税はやめてほしい。金持ちが得するだけ。現金給付の方がはるかにいい。', ' 原発ゼロもお願いします。政権に阿る連合よりも、国民や市民の声を聞いて欲しいです。', ' 中谷さん、消費税廃止・積極財政等反緊縮的な経済政策を掲げてれいわ新選組との連帯を🙏山本太郎さんや神奈川のれいわボランティアの方々とは何らかの形で連帯が出来ると良いですね😃立憲民主党神奈川県連の方々… https://t.co/5qkwqRnN5A']","「消費税は５％以下に減税」
「世代を創造する温故知新の人材活用」
「野党結集。現政権を超える新たな選択肢を創る」
「再分配」×「デジタル」×「民主化」=「ウィズコロナの社会像」
これらの争点を新党への提言として若手議員21名で公表… https://t.co/5aCqzAAAiG"
3,[' @pueteen 文章がおかしい。中国っぽい間違いかたしてる。'],「前澤友作さんからFacebookに友達申請がきたけど本物かな」と会話をされている方が多くなり、私にも申請がきましたので、前澤さんの知人に確認したところ、彼はFacebookをやっておらず、Twitter・Instagramには全… https://t.co/orSCD6r1ce
4,[' 政治なんかよくわからない、別に興味ない、誰が当選したって何も変わらない、なんとなく自民党かなぁ〜〜。\n\nこれぞ善人の沈黙。'],"「私には夢がある。」

「最大の悲劇は、悪人の圧制や残酷さではなく、善人の沈黙である。」

 「自由は決して圧制者の方から自発的に与えられることはない。
しいたげられている者が要求しなくてはならないのだ。」

苦難と戦い続けたキン… https://t.co/wOooKb0L8M"
